-- MySQL dump 10.13  Distrib 5.7.29, for Linux (x86_64)
--
-- Host: localhost    Database: cancionero
-- ------------------------------------------------------
-- Server version	5.7.29-0ubuntu0.16.04.1

/*!40101 SET @OLD_CHARACTER_SET_CLIENT=@@CHARACTER_SET_CLIENT */;
/*!40101 SET @OLD_CHARACTER_SET_RESULTS=@@CHARACTER_SET_RESULTS */;
/*!40101 SET @OLD_COLLATION_CONNECTION=@@COLLATION_CONNECTION */;
/*!40101 SET NAMES utf8 */;
/*!40103 SET @OLD_TIME_ZONE=@@TIME_ZONE */;
/*!40103 SET TIME_ZONE='+00:00' */;
/*!40014 SET @OLD_UNIQUE_CHECKS=@@UNIQUE_CHECKS, UNIQUE_CHECKS=0 */;
/*!40014 SET @OLD_FOREIGN_KEY_CHECKS=@@FOREIGN_KEY_CHECKS, FOREIGN_KEY_CHECKS=0 */;
/*!40101 SET @OLD_SQL_MODE=@@SQL_MODE, SQL_MODE='NO_AUTO_VALUE_ON_ZERO' */;
/*!40111 SET @OLD_SQL_NOTES=@@SQL_NOTES, SQL_NOTES=0 */;

--
-- Table structure for table `canciones`
--

DROP TABLE IF EXISTS `canciones`;
/*!40101 SET @saved_cs_client     = @@character_set_client */;
/*!40101 SET character_set_client = utf8 */;
CREATE TABLE `canciones` (
  `idcancion` int(11) NOT NULL AUTO_INCREMENT,
  `idcategoria` int(11) DEFAULT NULL,
  `orden` int(11) DEFAULT NULL,
  `autor` varchar(255) DEFAULT NULL,
  `titulo` varchar(255) NOT NULL,
  `letra` text,
  `url` varchar(255) DEFAULT NULL,
  PRIMARY KEY (`idcancion`),
  KEY `FK_canciones_idcategoria` (`idcategoria`),
  CONSTRAINT `FK_canciones_idcategoria` FOREIGN KEY (`idcategoria`) REFERENCES `categoria` (`idcategoria`) ON DELETE NO ACTION
) ENGINE=InnoDB AUTO_INCREMENT=385 DEFAULT CHARSET=latin1 AVG_ROW_LENGTH=655;
/*!40101 SET character_set_client = @saved_cs_client */;

--
-- Dumping data for table `canciones`
--

LOCK TABLES `canciones` WRITE;
/*!40000 ALTER TABLE `canciones` DISABLE KEYS */;
INSERT INTO `canciones` VALUES (1,17,343,NULL,'Santa Rosita de Lima',NULL,'paz_amor_y_bendicion.php'),(2,2,37,NULL,'Perdon de los apostoles',NULL,'perdon_de_los_apostoles.php'),(3,3,47,NULL,'Gloria, gloria aleluya',NULL,'gloria_gloria_aleluya.php'),(4,5,86,NULL,'Canto aleluya',NULL,'canto_aleluya.php'),(5,6,104,NULL,'Blanco Pan',NULL,'te_ofrezco_el_blanco_pan.php'),(6,7,119,NULL,'Santo colombiano',NULL,'santo_de_las_alabanzas.php'),(7,8,132,NULL,'Padre nuestro del silencio',NULL,'padre_nuestro_del_silencio.php'),(8,10,163,NULL,'Cordero Eco',NULL,'cordero.php'),(9,11,173,NULL,'Como no creer en Dios',NULL,'como_no_creer_en_dios.php'),(10,11,180,NULL,'Hablame',NULL,'hablame.php'),(11,17,344,NULL,'Santa Rosa de Lima',NULL,'tu_presencia_en_mi_vida.php'),(13,5,81,NULL,'Busca primero',NULL,'busca_primero.php'),(14,4,76,NULL,'Como te pagare',NULL,'como_te_pagare.php'),(15,2,42,NULL,'Zamba del perdon',NULL,'zamba_del_perdon.php'),(16,3,52,NULL,'Gloria Gabarain',NULL,'gloria_gabarain.php'),(17,5,91,NULL,'Aleluya, por esa gente',NULL,'aleluya_por_esa_gente.php'),(18,6,106,NULL,'Tomad Senor',NULL,'tomad_senor.php'),(19,10,157,NULL,'Cordero de Dios huayno',NULL,'corder_de_dios_huayno.php'),(20,11,345,NULL,'Milagro de amor',NULL,'milagro_de_amor.php'),(22,1,7,NULL,'Tomado de la mano',NULL,'tomado_de_la_mano.php'),(23,2,40,NULL,'Perdon Jesus',NULL,'perdon_jesus.php'),(24,3,48,NULL,'Gloria andino',NULL,'gloria_andino.php'),(25,5,83,NULL,'Pueblo de Dios (Saya)',NULL,'pueblo_de_dios.php'),(26,6,111,NULL,'Arrancarte las espinas',NULL,'arrancarte_las_espinas.php'),(27,7,122,NULL,'Santo Zaireno',NULL,'santo_zaireno.php'),(28,10,347,NULL,'Cordero dialogado',NULL,'cordero_dialogado.php'),(29,14,233,NULL,'Santa Maria del camino',NULL,'santa_maria_del_camino.php'),(30,1,1,NULL,'A Dios creador',NULL,'a_dios_creador.php'),(31,11,348,NULL,'Adorador',NULL,'adorador.php'),(32,9,147,NULL,'La paz sea con nosotros',NULL,'cancion_por_la_paz.php'),(33,2,35,NULL,'Como el hijo prodigo',NULL,'como_el_hijo_prodigo.php'),(36,11,191,NULL,'Danos un corazon',NULL,'danos_un_corazon.php'),(37,13,226,NULL,'Demos gracias al Senor',NULL,'demos_gracias_al_senor.php'),(38,4,63,NULL,'El Senor es mi fuerza',NULL,'el_senor_es_mi_fuerza.php'),(39,6,99,NULL,'El Senor nos ha reunido',NULL,'el_senor_nos_ha_reunido.php'),(40,3,49,NULL,'El Gloria Giombini',NULL,'gloria_giombini.php'),(41,11,350,NULL,'Haciendote pan',NULL,'haciendote_pan.php'),(42,11,190,NULL,'Jesus estoy aqui',NULL,'jesus_estoy_aqui.php'),(43,1,10,NULL,'Juntos como hermanos',NULL,'juntos_como_hermanos.php'),(44,9,138,NULL,'Mensajeros de la paz',NULL,'mensajero_de_la_paz.php'),(45,4,67,NULL,'Mi pensamiento eres tu',NULL,'mi_pensamiento_eres_tu.php'),(46,11,186,NULL,'Nadie te ama como yo',NULL,'nadie_te_ama_como_yo.php'),(48,11,187,NULL,'Pescador de hombres',NULL,'pescador_de_hombre.php'),(49,6,96,NULL,'Por los ninos',NULL,'por_los_ninos.php'),(50,12,207,NULL,'Renuevame',NULL,'renuevame.php'),(51,5,84,NULL,'Aleluya (Salmo 100)',NULL,'salmo100.php'),(52,14,238,NULL,'Salve, salve',NULL,'salve_salve.php'),(53,7,124,NULL,'Santo palestra',NULL,'santo_palestra.php'),(54,6,112,NULL,'Te ofrecemos Senor',NULL,'te_ofrecemos_senor.php'),(55,2,36,NULL,'Ten piedad, Senor',NULL,'ten_piedad_senor.php'),(56,11,351,NULL,'Yo soy el camino',NULL,'yo_soy_el_camino.php'),(57,1,14,NULL,'Iglesia joven',NULL,'iglesia_joven.php'),(59,11,349,NULL,'Dame un nuevo corazon',NULL,'dame_un_nuevo_corazon.php'),(60,3,53,NULL,'Gloria del universo',NULL,'gloria_del_universo.php'),(61,5,79,NULL,'Aleluya - Hallelujah',NULL,'aleluya_hallelujah.php'),(62,7,127,NULL,'Santo de los querubines',NULL,'santo_de_los_querubines.php'),(63,11,181,NULL,'Ven Jesus',NULL,'ven_jesus.php'),(64,11,200,NULL,'Angeles de Dios',NULL,'angeles_de_dios.php'),(65,2,43,NULL,'Hoy perdoname',NULL,'hoy_perdoname.php'),(66,3,56,NULL,'Gloria misa andina',NULL,'gloria_misa_andina.php'),(67,6,108,NULL,'Negra es la uva',NULL,'negra_es_la_uva.php'),(68,7,352,NULL,'Santo Takillakkta',NULL,'santo_takillakkta.php'),(69,8,134,NULL,'Padre nuestro misionero',NULL,'padre_nuestro_misionero.php'),(70,9,144,NULL,'Escucha padre a tu pueblo',NULL,'escucha_padre_a_tu_pueblo.php'),(71,12,212,NULL,'Yo creo en las promesas',NULL,'yo_creo_en_las_promesas.php'),(72,11,166,NULL,'El Senor nos da su amor',NULL,'el_senor_nos_da_su_amor.php'),(73,13,219,NULL,'Alma misionera',NULL,'alma_misionera.php'),(74,17,283,NULL,'Danza a mi pais',NULL,'danza_a_mi_pais.php'),(75,1,27,NULL,'Canta trovador',NULL,'canta_trovador.php'),(76,9,151,NULL,'Hay una paloma blanca',NULL,'hay_una_paloma_blanca.php'),(77,11,183,NULL,'Con nosotros esta',NULL,'con_nosotros_esta.php'),(78,13,224,NULL,'Mi Dios esta vivo',NULL,'mi_dios_esta_vivo.php'),(79,11,178,NULL,'Mi amigo Jesus',NULL,'mi_amigo_jesus.php'),(80,11,184,NULL,'Dios esta aqui (Corintios 13)',NULL,'dios_esta_aqui_corintios_13.php'),(81,11,353,NULL,'Tal como soy',NULL,'tal_como_soy.php'),(82,13,354,NULL,'Granito de mostaza',NULL,'granito_de_mostaza.php'),(83,1,12,NULL,'Juntos cantando la alegria',NULL,'juntos_cantando_la_alegria.php'),(84,1,13,NULL,'Un pueblo que camina',NULL,'un_pueblo_que_camina.php'),(85,6,116,NULL,'Recibeme',NULL,'recibeme.php'),(86,7,128,NULL,'Santo giombini',NULL,'santo_giombini.php'),(87,11,168,NULL,'Cristo mio',NULL,'cristo_mio.php'),(88,11,355,NULL,'En mi Getsemani',NULL,'en_mi_getsemani.php'),(89,12,356,NULL,'Toma Senor',NULL,'toma_senor.php'),(90,1,5,NULL,'Dios trino',NULL,'dios_trino.php'),(91,2,29,NULL,'Una vez mas rezare',NULL,'una_vez_mas_rezare.php'),(92,11,192,NULL,'Yo creo',NULL,'yo_creo.php'),(93,10,162,NULL,'Cordero de Dios cumbia II',NULL,'cordero_de_dios_cumbia2.php'),(94,6,357,NULL,'Senor ante ti',NULL,'senor_ante_ti.php'),(95,17,358,NULL,'Como el nino que no sabe dormise',NULL,'como_el_nino_que_no_sabe_dormise.php'),(96,14,359,NULL,'Madre del silencio',NULL,'madre_del_silencio.php'),(97,3,51,NULL,'Gloria al Senor',NULL,'gloria_al_senor.php'),(98,5,85,NULL,'Canta Aleluya',NULL,'canta_aleluya.php'),(99,5,94,NULL,'Cantale Aleluya al Senor',NULL,'cantale_aleluya_al_senor.php'),(100,2,45,NULL,'Ten piedad de nuestras vidas',NULL,'ten_piedad_de_nuestras_vidas.php'),(101,1,21,NULL,'Los caminos',NULL,'los_caminos.php'),(102,12,214,NULL,'Hay momentos',NULL,'hay_momentos.php'),(103,11,189,NULL,'Ya no eres pan y vino',NULL,'ya_no_eres_pan_y_vino.php'),(104,13,227,NULL,'Hoy Senor, te damos gracias',NULL,'hoy_senor_te_damos_gracias.php'),(105,7,126,NULL,'Santo amazonense',NULL,'santo_amazonense.php'),(106,2,41,NULL,'Perdon Beatles',NULL,'perdon_beatles.php'),(107,1,11,NULL,'Iglesia soy',NULL,'iglesia_soy.php'),(108,1,2,NULL,'Llego el momento',NULL,'llego_el_momento.php'),(109,1,3,NULL,'Iglesia peregrina',NULL,'iglesia_peregrina.php'),(110,1,4,NULL,'Libertador de Nazaret',NULL,'libertador_de_nazaret.php'),(111,1,6,NULL,'Nueva generacion',NULL,'nueva_generacion.php'),(112,17,285,NULL,'Himno a San Martin',NULL,'himno_a_san_martin.php'),(113,4,71,NULL,'Tu palabra me da vida',NULL,'tu_palabra_me_da_vida.php'),(114,15,248,NULL,'Iluminame Senor',NULL,'iluminame_senor.php'),(116,17,303,NULL,'Esta es la luz de Cristo',NULL,'esta_es_la_luz_de_cristo.php'),(117,11,177,NULL,'Cristo te necesita',NULL,'cristo_te_necesita.php'),(118,7,121,NULL,'Santo es el Senor Aleluya',NULL,'santo_es_el_senor_aleluya.php'),(119,9,136,NULL,'Paz Senor',NULL,'paz_senor.php'),(120,4,74,NULL,'Salmo 23',NULL,'salmo_23.php'),(121,17,360,NULL,'Cancion de Zaqueo',NULL,'cancion_de_zaqueo.php'),(122,2,30,NULL,'Piedad Eco',NULL,'piedad_eco.php'),(123,11,165,NULL,'Aqui estoy, Senor',NULL,'aqui_estoy_senor.php'),(124,15,252,NULL,'Maranatha, Espiritu de Dios',NULL,'maranatha_espiritu_de_dios.php'),(125,17,327,NULL,'La guerra del amor',NULL,'la_guerra_del_amor.php'),(126,17,361,NULL,'Secuencia de pentecostes',NULL,'secuencia_de_pentecostes.php'),(128,1,8,NULL,'Padre bueno Dios hermano',NULL,'padre_bueno_dios_hermano.php'),(129,1,9,NULL,'Para ti es mi musica',NULL,'para_ti_es_mi_musica.php'),(130,1,15,NULL,'Cristos jovenes',NULL,'cristos_jovenes.php'),(131,1,16,NULL,'La misa es una fiesta',NULL,'la_misa_es_una_fiesta.php'),(132,1,17,NULL,'Al paso de los pobres',NULL,'al_paso_de_los_pobres.php'),(133,1,18,NULL,'Como una gran familia',NULL,'como_una_gran_familia.php'),(134,1,19,NULL,'Vienen con alegria',NULL,'vienen_con_alegria.php'),(135,1,20,NULL,'Ven Senor no tardes',NULL,'ven_senor_no_tardes.php'),(136,1,22,NULL,'Amor es vida',NULL,'amor_es_vida.php'),(137,1,23,NULL,'Vamos al altar',NULL,'vamos_al_altar.php'),(138,1,24,NULL,'Es Jesus',NULL,'es_jesus.php'),(139,1,25,NULL,'Ven a la fiesta',NULL,'ven_a_la_fiesta.php'),(140,1,26,NULL,'Te invito a caminar',NULL,'te_invito_a_caminar.php'),(141,1,28,NULL,'Vamos caminando',NULL,'vamos_caminando.php'),(142,16,362,NULL,'La peregrinacion',NULL,'la_peregrinacion.php'),(143,11,363,NULL,'Dame de beber tu sangre',NULL,'dame_de_beber_tu_sangre.php'),(144,5,92,NULL,'Yo cantare siempre al Senor',NULL,'yo_cantare_siempre_al_senor.php'),(145,6,105,NULL,'A los granos del pan',NULL,'a_los_granos_del_pan.php'),(146,7,120,NULL,'Santo Praga',NULL,'santo_praga.php'),(147,14,237,NULL,'Maria Tu',NULL,'maria_tu.php'),(148,17,315,NULL,'Virgen de Guadalupe',NULL,'virgen_de_guadalupe.php'),(150,6,117,NULL,'Nuestras vidas ofrenda se haran',NULL,'nuestras_vidas_ofrenda_se_haran.php'),(151,8,131,NULL,'Padre Nuestro Gloria',NULL,'padre_nuestro_gloria.php'),(152,11,182,NULL,'Oh buen Jesus',NULL,'oh_buen_jesus.php'),(153,13,218,NULL,'Id y Ensenad',NULL,'id_y_ensenad.php'),(154,11,172,NULL,'El profeta',NULL,'el_profeta.php'),(155,16,262,NULL,'Somos los ninos cantores',NULL,'somos_los_ninos_cantores.php'),(156,6,102,NULL,'Con amor te presento',NULL,'con_amor_te_presento.php'),(157,10,364,NULL,'Oh cordero de Dios Egmer',NULL,'oh_cordero_de_dios.php'),(158,2,31,NULL,'Piedad Kyrie',NULL,'piedad_kyrie.php'),(159,2,32,NULL,'Tu que siempre nos perdonas',NULL,'tu_que_siempre_nos_perdonas.php'),(160,2,33,NULL,'Perdona a tu pueblo',NULL,'perdona_a_tu_pueblo.php'),(161,2,34,NULL,'Perdon Mexicano',NULL,'perdon_mexicano.php'),(162,2,38,NULL,'Si de ti me alejare',NULL,'si_de_ti_me_alejare.php'),(163,2,39,NULL,'Una mirada de fe',NULL,'una_mirada_de_fe.php'),(164,2,44,NULL,'Perdon Senor',NULL,'perdon_senor.php'),(165,2,46,NULL,'Perdonanos Senor',NULL,'perdonanos_senor.php'),(166,3,50,NULL,'Gloria Mexicano',NULL,'gloria_mexicano.php'),(167,3,54,NULL,'Gloria Eco',NULL,'gloria_eco.php'),(168,3,55,NULL,'Gloria',NULL,'gloria.php'),(169,3,57,NULL,'No se como alabarte',NULL,'no_se_como_alabarte.php'),(170,3,58,NULL,'Gloria a nuestro Dios',NULL,'gloria_a_nuestro_dios.php'),(171,3,59,NULL,'Gloria y alabanza',NULL,'gloria_y_alabanza.php'),(172,3,60,NULL,'En las alturas',NULL,'en_las_alturas.php'),(173,4,61,NULL,'Toma la biblia',NULL,'toma_la_biblia.php'),(174,4,62,NULL,'Un mandamiento nuevo',NULL,'un_mandamiento_nuevo.php'),(175,4,64,NULL,'Tu mi Dios',NULL,'tu_mi_dios.php'),(176,4,65,NULL,'Si vienes conmigo',NULL,'si_vienes_conmigo.php'),(177,4,66,NULL,'Te sigo a ti',NULL,'te_sigo_a_ti.php'),(178,4,68,NULL,'Caminare',NULL,'caminare.php'),(179,4,69,NULL,'Amar es entregarse',NULL,'amar_es_entregarse.php'),(180,4,70,NULL,'Si me falta el amor',NULL,'si_me_falta_el_amor.php'),(181,4,72,NULL,'Estoy pensando en Dios',NULL,'estoy_pensando_en_dios.php'),(182,4,73,NULL,'Senor yo creo',NULL,'senor_yo_creo.php'),(183,4,75,NULL,'Si yo no tengo amor',NULL,'si_yo_no_tengo_amor.php'),(184,4,77,NULL,'Dulce refugio',NULL,'dulce_refugio.php'),(185,4,78,NULL,'Dios mio (Salmo 63)',NULL,'dios_mio_(salmo_63).php'),(186,16,263,NULL,'Navidad',NULL,'navidad.php'),(187,16,264,NULL,'Esta noche Jesus ha nacido',NULL,'esta_noche_jesus_ha_nacido.php'),(188,16,265,NULL,'Otro ano que queda atras',NULL,'otro_ano_que_queda_atras.php'),(189,16,266,NULL,'Noche de paz',NULL,'noche_de_paz.php'),(190,16,267,NULL,'El tamborillero',NULL,'el_tamborillero.php'),(191,16,268,NULL,'Alla baja Jesucristo',NULL,'alla_baja_jesucristo.php'),(192,16,269,NULL,'El nino Dios',NULL,'el_nino_dios.php'),(193,16,270,NULL,'Navidad navidad',NULL,'navidad_navidad.php'),(194,16,271,NULL,'Carpintero fino',NULL,'carpintero_fino.php'),(195,16,272,NULL,'Campana sobre campana',NULL,'campana_sobre_campana.php'),(196,16,273,NULL,'Vamos pastores',NULL,'vamos_pastores.php'),(197,16,274,NULL,'Era Rodolfo el reno',NULL,'era_rodolfo_el_reno.php'),(198,16,275,NULL,'Hacia Belen',NULL,'hacia_belen.php'),(199,16,276,NULL,'Mas alla',NULL,'mas_alla.php'),(200,16,277,NULL,'Alegria',NULL,'alegria.php'),(201,16,278,NULL,'Nino cholito',NULL,'nino_cholito.php'),(202,5,80,NULL,'Aleluya I',NULL,'aleluya_i.php'),(203,5,82,NULL,'Jesus es Senor',NULL,'jesus_es_senor.php'),(204,5,87,NULL,'Aleluya el Senor resucito',NULL,'aleluya_el_senor_resucito.php'),(205,5,88,NULL,'Aleluya cumbia I',NULL,'aleluya_cumbia_i.php'),(206,5,89,NULL,'Aleluya cumbia II',NULL,'aleluya_cumbia_ii.php'),(207,5,90,NULL,'Aleluya II',NULL,'aleluya_ii.php'),(208,5,93,NULL,'Aleluya aleluya',NULL,'aleluya_aleluya.php'),(209,6,95,NULL,'Entre tus manos',NULL,'entre_tus_manos.php'),(210,6,97,NULL,'Saber que vendras',NULL,'saber_que_vendras.php'),(211,6,98,NULL,'Te ofrecemos este nuevo dia',NULL,'te_ofrecemos_este_nuevo_dia.php'),(212,6,100,NULL,'Una espiga',NULL,'una_espiga.php'),(213,6,101,NULL,'Te ofrecemos nuestra juventud',NULL,'te_ofrecemos_nuestra_juventud.php'),(214,6,103,NULL,'En tus manos',NULL,'en_tus_manos.php'),(215,6,107,NULL,'Te presentamos Senor',NULL,'te_presentamos_senor.php'),(216,6,109,NULL,'No solo el vino y el pan',NULL,'no_solo_el_vino_y_el_pan.php'),(217,6,110,NULL,'Tu mi alfarero',NULL,'tu_mi_alfarero.php'),(218,6,113,NULL,'Este pan y vino',NULL,'este_pan_y_vino.php'),(219,6,114,NULL,'Cinco panes',NULL,'cinco_panes.php'),(220,6,115,NULL,'Despues de preparar',NULL,'despues_de_preparar.php'),(221,6,118,NULL,'Senor de la vida',NULL,'senor_de_la_vida.php'),(222,7,123,NULL,'Santo Vals',NULL,'santo_vals.php'),(223,7,125,NULL,'Santo boliviano',NULL,'santo_boliviano.php'),(224,7,129,NULL,'Santo Marinera',NULL,'santo_marinera.php'),(225,8,130,NULL,'Padre nuestro que estas en el cielo',NULL,'padre_nuestro_que_estas_en_el_cielo.php'),(226,8,133,NULL,'Padre nuestro',NULL,'padre_nuestro.php'),(227,8,135,NULL,'Padre nuestro Valverde',NULL,'padre_nuestro_valverde.php'),(228,9,137,NULL,'Shalom',NULL,'shalom.php'),(229,9,139,NULL,'Paz en la tierra',NULL,'paz_en_la_tierra.php'),(230,9,140,NULL,'La paz este con nosotros',NULL,'la_paz_este_con_nosotros.php'),(231,9,141,NULL,'La paz de Jesus',NULL,'la_paz_de_jesus.php'),(232,9,142,NULL,'Quisiera al mundo',NULL,'quisiera_al_mundo.php'),(233,9,143,NULL,'Instrumento de tu paz',NULL,'instrumento_de_tu_paz.php'),(234,9,145,NULL,'Dame la mano',NULL,'dame_la_mano.php'),(235,9,146,NULL,'Un abrazo de paz',NULL,'un_abrazo_de_paz.php'),(236,9,148,NULL,'Voy contento',NULL,'voy_contento.php'),(237,9,149,NULL,'Mano con mano',NULL,'mano_con_mano.php'),(238,9,150,NULL,'Despierta',NULL,'despierta.php'),(239,9,152,NULL,'La paz',NULL,'la_paz.php'),(240,9,153,NULL,'Toma mi mano hermano',NULL,'toma_mi_mano_hermano.php'),(241,9,154,NULL,'Traeras la pz',NULL,'traeras_la_pz.php'),(242,9,155,NULL,'Una cancion para la paz',NULL,'una_cancion_para_la_paz.php'),(243,9,156,NULL,'Por la paz',NULL,'por_la_paz.php'),(244,17,322,NULL,'Toma mi vida',NULL,'toma_mi_vida.php'),(245,17,279,NULL,'Jesucristo',NULL,'jesucristo.php'),(246,17,280,NULL,'Cristo nos da la libertad',NULL,'cristo_nos_da_la_libertad.php'),(247,17,281,NULL,'Senor de los milagros',NULL,'senor_de_los_milagros.php'),(248,17,282,NULL,'No se puede sepultar la luz',NULL,'no_se_puede_sepultar_la_luz.php'),(249,17,284,NULL,'Tuyo soy',NULL,'tuyo_soy.php'),(251,17,286,NULL,'Resucito',NULL,'resucito.php'),(252,17,287,NULL,'En ti en ti',NULL,'en_ti_en_ti.php'),(253,17,288,NULL,'No necesito saber',NULL,'no_necesito_saber.php'),(254,17,289,NULL,'Eres tu',NULL,'eres_tu.php'),(255,17,290,NULL,'Salmo de la creacion',NULL,'salmo_de_la_creacion.php'),(257,17,292,NULL,'Alabare',NULL,'alabare.php'),(258,17,293,NULL,'Tu reinaras',NULL,'tu_reinaras.php'),(259,17,294,NULL,'Por los que te esperan',NULL,'por_los_que_te_esperan.php'),(260,17,295,NULL,'Que detalle',NULL,'que_detalle.php'),(261,17,296,NULL,'Que seria de mi',NULL,'que_seria_de_mi.php'),(262,17,297,NULL,'Bendigamos al Senor',NULL,'bendigamos_al_senor.php'),(263,17,298,NULL,'Dime',NULL,'dime.php'),(264,17,299,NULL,'Himno a Santa Rosa',NULL,'himno_a_santa_rosa.php'),(265,17,300,NULL,'Un millon de amigos',NULL,'un_millon_de_amigos.php'),(266,17,301,NULL,'Yo quiero mas de ti',NULL,'yo_quiero_mas_de_ti.php'),(267,17,302,NULL,'Oh Dios Eucaristia',NULL,'oh_dios_eucaristia.php'),(268,16,323,NULL,'Amor eterno',NULL,'amor_eterno.php'),(269,17,324,NULL,'Hasta mi final',NULL,'hasta_mi_final.php'),(270,17,325,NULL,'Hasta que vuelvas',NULL,'hasta_que_vuelvas.php'),(271,11,365,NULL,'Pan de vida pan de fe',NULL,'pan_de_vida_pan_de_fe.php'),(272,6,366,NULL,'Sobre tu altar',NULL,'sobre_tu_altar.php'),(273,13,217,NULL,'Christi simus non nostri',NULL,'christi_simus_non_nostri.php'),(274,13,220,NULL,'Caminando voy',NULL,'caminando_voy.php'),(275,13,221,NULL,'Tayta Dios',NULL,'tayta_dios.php'),(276,13,222,NULL,'No dejare',NULL,'no_dejare.php'),(277,13,223,NULL,'Cristo esta conmigo',NULL,'cristo_esta_conmigo.php'),(278,13,225,NULL,'Cancion del testigo',NULL,'cancion_del_testigo.php'),(279,14,228,NULL,'El trece de Mayo',NULL,'el_trece_de_mayo.php'),(280,14,229,NULL,'Eres mas pura',NULL,'eres_mas_pura.php'),(281,14,230,NULL,'Hoy he vuelto',NULL,'hoy_he_vuelto.php'),(282,14,231,NULL,'Madre de los jovenes',NULL,'madre_de_los_jovenes.php'),(283,14,232,NULL,'Madre de los pobres',NULL,'madre_de_los_pobres.php'),(284,15,243,NULL,'Anhelo conocerte Espiritu Santo',NULL,'anhelo_conocerte_espiritu_santo.php'),(285,15,244,NULL,'Ven Espiritu Santo I',NULL,'ven_espiritu_santo_i.php'),(286,15,245,NULL,'Ven Espiritu Santo II',NULL,'ven_espiritu_santo_ii.php'),(287,15,246,NULL,'Fluye Espiritu fluye',NULL,'fluye_espiritu_fluye.php'),(288,15,247,NULL,'Sopla en mi',NULL,'sopla_en_mi.php'),(289,15,249,NULL,'Espiritu de Dios',NULL,'espiritu_de_dios.php'),(290,15,250,NULL,'Ven Espiritu Divino',NULL,'ven_espiritu_divino.php'),(291,15,251,NULL,'Ven llename',NULL,'ven_llename.php'),(292,10,158,NULL,'Cordero de Dios Cumbia I',NULL,'cordero_de_dios_cumbia_i.php'),(293,10,159,NULL,'Cordero de Dios Mejia',NULL,'cordero_de_dios_mejia.php'),(294,10,160,NULL,'Cordero de Dios (Balada)',NULL,'cordero_de_dios_(balada).php'),(295,10,161,NULL,'Cordero de Dios ten piedad',NULL,'cordero_de_dios_ten_piedad.php'),(296,10,164,NULL,'Cordero de Dios',NULL,'cordero_de_dios.php'),(297,11,167,NULL,'Heme aqui',NULL,'heme_aqui.php'),(298,11,169,NULL,'Yo celebro',NULL,'yo_celebro.php'),(299,11,170,NULL,'Dios esta aqui I',NULL,'dios_esta_aqui_i.php'),(300,11,171,NULL,'Fiesta del banquete',NULL,'fiesta_del_banquete.php'),(301,11,174,NULL,'El auxilio me viene del Senor',NULL,'el_auxilio_me_viene_del_senor.php'),(302,11,175,NULL,'Tan cerca de mi',NULL,'tan_cerca_de_mi.php'),(303,11,176,NULL,'Es Cristo quien te llama',NULL,'es_cristo_quien_te_llama.php'),(304,11,179,NULL,'Eucaristia',NULL,'eucaristia.php'),(305,11,185,NULL,'Yo creo en tu resurreccion',NULL,'yo_creo_en_tu_resurreccion.php'),(306,11,188,NULL,'Como puedo yo',NULL,'como_puedo_yo.php'),(307,11,193,NULL,'Danos hoy hambre de Dios',NULL,'danos_hoy_hambre_de_dios.php'),(308,11,194,NULL,'Por primera vez',NULL,'por_primera_vez.php'),(309,11,195,NULL,'Dios esta aqui II',NULL,'dios_esta_aqui_ii.php'),(310,11,196,NULL,'Por un pedazo de pan',NULL,'por_un_pedazo_de_pan.php'),(311,11,197,NULL,'Pescador',NULL,'pescador.php'),(312,11,198,NULL,'Tuve hambre y me diste de  comer',NULL,'tuve_hambre_y_me_diste_de__comer.php'),(313,11,199,NULL,'Solo en el puerto',NULL,'solo_en_el_puerto.php'),(314,11,201,NULL,'Quiero Senor',NULL,'quiero_senor.php'),(315,11,202,NULL,'Yo soy',NULL,'yo_soy.php'),(316,11,203,NULL,'Cuerpo de mi cuerpo',NULL,'cuerpo_de_mi_cuerpo.php'),(317,11,204,NULL,'Mi primera comunion',NULL,'mi_primera_comunion.php'),(318,11,367,NULL,'Entra Jesus',NULL,'entra_jesus.php'),(319,4,368,NULL,'Misericordia Senor hemos pecado (Salmo 50)',NULL,'misericordia_senor_hemos_pecado.php'),(320,12,205,NULL,'Si conocieras el don de Dios',NULL,'si_conocieras_el_don_de_dios.php'),(321,12,206,NULL,'Den gracias',NULL,'den_gracias.php'),(322,12,208,NULL,'Quiero alabarte',NULL,'quiero_alabarte.php'),(323,12,209,NULL,'Senor aqui me tienes',NULL,'senor_aqui_me_tienes.php'),(324,12,210,NULL,'Anunciaremos tu reino Senor',NULL,'anunciaremos_tu_reino_senor.php'),(325,12,211,NULL,'De tal manera',NULL,'de_tal_manera.php'),(326,12,213,NULL,'Sumergeme',NULL,'sumergeme.php'),(327,12,215,NULL,'Ven Senor Jesus',NULL,'ven_senor_jesus.php'),(328,12,216,NULL,'Pide y se te dara',NULL,'pide_y_se_te_dara.php'),(329,4,369,NULL,'El Senor es compasivo y misericordio (Salmo32)',NULL,'el_senor_es_compasivo_y_misericordioso_-_salmo_32.php'),(330,10,370,NULL,'Oh Cordero de Dios original',NULL,'oh_cordero_de_dios_original.php'),(331,7,371,NULL,'Santo dialogado',NULL,'santo_egmer.php'),(332,5,346,NULL,'Aleluya Cesar',NULL,'aleluya_cesar.php'),(333,14,372,NULL,'El maestro de Galilea',NULL,'el_maestro_de_galilea.php'),(334,10,373,NULL,'Oh Cordero Senor Cesar',NULL,'oh_cordero_senor_cesar.php'),(335,14,234,NULL,'Maria',NULL,'maria.php'),(336,14,235,NULL,'Junto a ti Maria',NULL,'junto_a_ti_maria.php'),(337,14,236,NULL,'Hoy te quiero cantar',NULL,'hoy_te_quiero_cantar.php'),(338,14,239,NULL,'Mi alma glorifica al Senor',NULL,'mi_alma_glorifica_al_senor.php'),(339,14,240,NULL,'Maria es',NULL,'maria_es.php'),(340,14,241,NULL,'Magnificat (El condor pasa)',NULL,'magnificat_(el_condor_pasa).php'),(341,14,242,NULL,'Maria testigo',NULL,'maria_testigo.php'),(342,16,253,NULL,'Bievenida navidad',NULL,'bienvenida_navidad.php'),(343,16,254,NULL,'El burrito de Belen',NULL,'el_burrito_de_belen.php'),(344,16,255,NULL,'Feliz Navidad',NULL,'feliz_navidad.php'),(345,16,256,NULL,'Noche buena',NULL,'noche_buena.php'),(346,16,257,NULL,'Que canten los ninos',NULL,'que_canten_los_ninos.php'),(347,16,258,NULL,'Pastorcitos',NULL,'pastorcitos.php'),(348,16,259,NULL,'Ven a mi casa esta navidad',NULL,'ven_a_mi_casa_esta_navidad.php'),(349,16,260,NULL,'Huachi torito',NULL,'huachi_torito.php'),(350,16,261,NULL,'Rueda rueda',NULL,'rueda_rueda.php'),(351,17,291,NULL,'El vinador',NULL,'el_vinador.php'),(352,17,304,NULL,'Se busca',NULL,'cancionero/se_busca.php'),(353,17,305,NULL,'Una cancion por Dios',NULL,'una_cancion_por_dios.php'),(354,17,306,NULL,'Solo le pido a Dios',NULL,'solo_le_pido_a_dios.php'),(355,17,307,NULL,'Yo tengo fe',NULL,'yo_tengo_fe.php'),(356,17,308,NULL,'Me has seducido Senor',NULL,'me_has_seducido_senor.php'),(357,17,309,NULL,'Amigo',NULL,'amigo.php'),(358,17,310,NULL,'Vida',NULL,'vida.php'),(359,17,311,NULL,'Por amor',NULL,'por_amor.php'),(360,17,312,NULL,'Gracias quiero darte',NULL,'gracias_quiero_darte.php'),(361,17,313,NULL,'Es que tu no estas solo',NULL,'es_que_tu_no_estas_solo.php'),(362,17,314,NULL,'Saliendo del pretorio',NULL,'saliendo_del_pretorio.php'),(363,17,316,NULL,'Abba Padre',NULL,'abba_padre.php'),(364,17,318,NULL,'Fin del tiempo',NULL,'fin_del_tiempo.php'),(365,17,319,NULL,'Como olvidar',NULL,'como_olvidar.php'),(366,17,320,NULL,'Magicas princesas',NULL,'magicas_princesas.php'),(367,17,321,NULL,'Madre',NULL,'madre.php'),(368,17,317,NULL,'Un pacto con Dios',NULL,'un_pacto_con_dios.php'),(369,6,374,NULL,'Tomad Senor y recibid',NULL,'tomad_senor_y_recibid.php'),(370,17,328,NULL,'Alto escuchame',NULL,'alto_escuchame.php'),(371,17,329,NULL,'Sone',NULL,'sone.php'),(372,17,330,NULL,'El pueblo unido jamas sera vencido',NULL,'el_pueblo_unido_jamas_sera_vencido.php'),(373,17,331,NULL,'Amigo (Illapu)',NULL,'amigo_(illapu).php'),(374,17,332,NULL,'Mi virgen bella',NULL,'mi_virgen_bella.php'),(375,17,333,NULL,'Santo morena',NULL,'santo_morena.php'),(376,17,334,NULL,'Canto a medallita',NULL,'canto_a_medallita.php'),(377,17,335,NULL,'Shalom morena',NULL,'shalom_morena.php'),(378,17,336,NULL,'Tu gracia recibi',NULL,'tu_gracia_recibi.php'),(379,17,337,NULL,'Confesion de un joven',NULL,'confesion_de_un_joven.php'),(380,17,338,NULL,'Una copla de perdon',NULL,'una_copla_de_perdon.php'),(381,16,339,NULL,'Espiritu Santo de Dios',NULL,'espiritu_santo_de_dios.php'),(382,17,340,NULL,'Virgen morena',NULL,'virgen_morena.php'),(383,17,341,NULL,'Le llaman Jesus',NULL,'le_llaman_jesus.php'),(384,17,342,NULL,'A bailar pastores',NULL,'a_bailar_pastores.php');
/*!40000 ALTER TABLE `canciones` ENABLE KEYS */;
UNLOCK TABLES;

--
-- Table structure for table `categoria`
--

DROP TABLE IF EXISTS `categoria`;
/*!40101 SET @saved_cs_client     = @@character_set_client */;
/*!40101 SET character_set_client = utf8 */;
CREATE TABLE `categoria` (
  `idcategoria` int(11) NOT NULL AUTO_INCREMENT,
  `descripcion` varchar(250) NOT NULL,
  `descripcioncorta` varchar(250) DEFAULT NULL,
  PRIMARY KEY (`idcategoria`)
) ENGINE=InnoDB AUTO_INCREMENT=18 DEFAULT CHARSET=latin1 AVG_ROW_LENGTH=20;
/*!40101 SET character_set_client = @saved_cs_client */;

--
-- Dumping data for table `categoria`
--

LOCK TABLES `categoria` WRITE;
/*!40000 ALTER TABLE `categoria` DISABLE KEYS */;
INSERT INTO `categoria` VALUES (1,'Cantos de Entrada','Entrada'),(2,'Cantos de Perdon','Perdon'),(3,'Gloria','Gloria'),(4,'Lecturas y Salmos','Salmo'),(5,'Aleluya','Aleluya'),(6,'Ofertorio','Ofertorio'),(7,'Santo','Santo'),(8,'Padre Nuestro','Padre Nuestro'),(9,'Paz','Paz'),(10,'Cordero','Cordero'),(11,'Comunion','Comunion'),(12,'Meditacion','Meditacion'),(13,'Despedida','Salida'),(14,'Cantos a Maria','Marianos'),(15,'Cantos al Espiritu Santo','Espiritu Santo'),(16,'Navidad','Villancicos'),(17,'Cantos Diversos','Varios');
/*!40000 ALTER TABLE `categoria` ENABLE KEYS */;
UNLOCK TABLES;

--
-- Table structure for table `misacanciones`
--

DROP TABLE IF EXISTS `misacanciones`;
/*!40101 SET @saved_cs_client     = @@character_set_client */;
/*!40101 SET character_set_client = utf8 */;
CREATE TABLE `misacanciones` (
  `idmisacancion` int(11) NOT NULL AUTO_INCREMENT,
  `idmisa` int(11) DEFAULT NULL,
  `idcancion` int(11) DEFAULT NULL,
  `idcategoria` int(11) DEFAULT NULL,
  PRIMARY KEY (`idmisacancion`),
  KEY `FK_misacanciones_misas` (`idmisa`),
  KEY `FK_misacanciones_canciones` (`idcancion`),
  KEY `FK_misacanciones_categoria` (`idcategoria`),
  CONSTRAINT `FK_misacanciones_canciones` FOREIGN KEY (`idcancion`) REFERENCES `canciones` (`idcancion`) ON DELETE NO ACTION ON UPDATE NO ACTION,
  CONSTRAINT `FK_misacanciones_categoria` FOREIGN KEY (`idcategoria`) REFERENCES `categoria` (`idcategoria`) ON DELETE NO ACTION ON UPDATE NO ACTION,
  CONSTRAINT `FK_misacanciones_misas` FOREIGN KEY (`idmisa`) REFERENCES `misas` (`idmisa`) ON DELETE NO ACTION ON UPDATE NO ACTION
) ENGINE=InnoDB AUTO_INCREMENT=452 DEFAULT CHARSET=utf8mb4;
/*!40101 SET character_set_client = @saved_cs_client */;

--
-- Dumping data for table `misacanciones`
--

LOCK TABLES `misacanciones` WRITE;
/*!40000 ALTER TABLE `misacanciones` DISABLE KEYS */;
INSERT INTO `misacanciones` VALUES (1,25,196,1),(2,25,55,2),(3,25,3,3),(4,25,25,5),(5,25,18,6),(6,25,27,7),(7,25,69,8),(8,25,119,9),(9,25,93,10),(10,25,103,11),(11,25,201,13),(12,26,108,1),(13,26,23,2),(14,26,24,3),(15,26,99,5),(16,26,5,6),(17,26,118,7),(18,26,7,8),(19,26,76,9),(20,26,19,10),(21,26,59,11),(22,26,73,13),(23,27,139,1),(24,27,122,2),(25,27,16,3),(26,27,207,5),(27,27,244,6),(28,27,68,7),(29,27,7,8),(30,27,8,10),(32,27,153,13),(33,28,134,1),(34,28,55,2),(35,28,40,3),(36,28,98,5),(37,28,18,6),(38,28,86,7),(39,28,234,9),(40,28,72,11),(41,28,73,13),(42,27,271,11),(43,27,10,11),(44,29,83,1),(45,29,55,2),(46,29,60,3),(47,29,208,5),(48,29,216,6),(49,29,224,7),(50,29,7,8),(51,29,32,9),(52,29,8,10),(53,29,48,11),(54,29,104,13),(55,30,139,1),(56,30,55,2),(57,30,97,3),(58,30,208,5),(59,30,216,6),(60,30,27,7),(61,30,93,10),(62,30,87,11),(63,30,153,13),(64,31,22,1),(65,31,55,2),(66,31,60,3),(67,31,25,5),(68,31,244,6),(69,31,27,7),(70,31,8,10),(71,31,116,11),(72,31,50,11),(73,31,253,13),(74,31,32,9),(75,32,134,1),(76,32,55,2),(77,32,97,3),(78,32,113,5),(79,32,5,6),(80,32,6,7),(81,32,7,8),(82,32,44,9),(83,32,8,10),(84,32,117,11),(85,32,104,13),(86,33,107,1),(87,33,55,2),(88,33,3,3),(89,33,13,5),(90,33,49,6),(91,33,27,7),(92,33,7,8),(93,33,76,9),(94,33,93,10),(95,33,72,11),(96,33,253,13),(97,34,84,1),(98,34,33,2),(99,34,13,5),(100,34,67,6),(101,34,146,7),(102,34,7,8),(103,34,19,10),(104,34,249,11),(105,34,46,11),(106,34,78,13),(107,34,319,4),(109,40,55,2),(110,40,210,6),(111,40,157,10),(112,40,46,11),(113,40,268,11),(114,40,281,12),(115,40,43,1),(116,41,101,1),(117,41,15,2),(118,41,113,5),(119,41,210,6),(120,41,118,7),(121,41,7,8),(123,41,8,10),(124,41,301,11),(125,41,64,13),(126,41,329,4),(127,42,84,1),(128,42,55,2),(129,42,113,5),(130,42,210,6),(132,42,53,7),(135,42,294,10),(138,42,152,11),(141,42,52,13),(159,46,15,2),(160,46,113,5),(161,46,26,6),(162,46,143,11),(163,46,77,11),(164,46,178,1),(165,46,224,7),(166,46,330,10),(167,46,29,13),(168,46,7,8),(169,47,43,1),(170,47,55,2),(171,47,45,5),(172,47,13,5),(173,47,49,6),(174,47,6,7),(175,47,7,8),(176,47,44,9),(177,47,293,10),(178,47,48,11),(179,47,37,13),(180,47,52,13),(181,47,268,13),(182,48,107,1),(183,48,113,5),(184,48,114,11),(185,48,116,11),(186,48,36,13),(187,48,117,13),(188,49,1,1),(189,49,2,2),(190,49,3,3),(191,49,4,5),(192,49,5,6),(193,49,6,7),(194,49,7,8),(195,49,8,10),(196,49,9,11),(197,49,10,11),(198,49,11,13),(199,50,30,1),(200,50,15,2),(201,50,16,3),(202,50,17,5),(203,50,18,6),(204,50,331,7),(205,50,19,10),(206,50,20,11),(207,50,1,13),(208,51,22,1),(209,51,23,2),(210,51,24,3),(211,51,25,5),(212,51,26,6),(213,51,27,7),(214,51,28,10),(215,51,9,11),(216,51,29,13),(217,52,57,1),(218,52,33,2),(219,52,60,3),(220,52,61,5),(221,52,39,6),(222,52,62,7),(223,52,7,8),(224,52,28,10),(225,52,63,11),(226,52,48,11),(227,52,64,13),(228,53,30,1),(229,53,65,2),(230,53,66,3),(231,53,332,5),(232,53,67,6),(233,53,68,7),(234,53,69,8),(235,53,70,9),(236,53,19,10),(237,53,71,11),(238,53,72,11),(239,53,73,13),(240,54,30,1),(241,54,65,2),(242,54,60,3),(243,54,17,5),(244,54,49,6),(245,54,62,7),(246,54,69,8),(247,54,28,10),(248,54,71,11),(249,54,48,11),(250,54,20,11),(251,54,32,13),(252,55,75,1),(253,55,15,2),(254,55,16,3),(255,55,17,5),(256,55,81,6),(257,55,6,7),(258,55,69,8),(259,55,76,9),(260,55,28,10),(261,55,77,11),(262,55,78,13),(263,56,83,1),(264,56,55,2),(265,56,24,3),(266,56,13,5),(267,56,85,6),(268,56,86,7),(269,56,7,8),(270,56,70,9),(271,56,19,10),(272,56,87,11),(273,56,82,13),(274,57,83,1),(275,57,106,2),(276,57,51,3),(277,57,25,5),(278,57,216,6),(279,57,105,7),(280,57,7,8),(281,57,5,9),(282,57,93,10),(283,57,103,11),(284,57,87,11),(285,57,104,13),(286,57,29,13),(287,58,90,1),(288,58,91,2),(289,58,3,3),(290,58,25,5),(291,58,5,6),(292,58,27,7),(293,58,7,8),(294,58,76,9),(295,58,93,10),(296,58,92,11),(297,58,247,13),(298,59,22,1),(299,59,91,2),(300,59,97,3),(301,59,98,5),(302,59,49,6),(303,59,62,7),(304,59,36,11),(305,59,37,13),(306,60,101,1),(307,60,100,2),(308,60,97,3),(309,60,99,5),(310,60,26,6),(311,60,62,7),(312,60,7,8),(313,60,70,9),(314,60,9,10),(315,60,8,11),(316,60,247,13),(317,61,22,1),(318,61,55,2),(319,61,3,3),(320,61,99,5),(321,61,49,6),(322,61,53,7),(323,61,7,8),(324,61,44,9),(325,61,70,9),(326,61,8,10),(327,61,10,11),(328,61,102,11),(329,61,247,13),(330,62,107,1),(331,62,23,2),(332,62,3,3),(333,62,13,5),(334,62,49,6),(335,62,53,7),(336,62,7,8),(337,62,70,9),(338,62,93,10),(339,62,79,11),(340,62,10,11),(341,62,112,13),(342,63,107,1),(343,63,91,2),(344,63,3,3),(345,63,51,5),(346,63,216,6),(347,63,118,7),(348,63,7,8),(349,63,119,9),(350,63,93,10),(351,63,120,11),(352,63,64,13),(353,64,22,1),(354,64,91,2),(355,64,178,3),(356,64,25,5),(357,64,85,6),(358,64,86,7),(359,64,225,8),(360,64,93,10),(361,64,79,11),(362,64,48,11),(363,64,10,11),(364,64,22,13),(365,65,135,1),(366,65,33,2),(367,65,144,5),(368,65,145,6),(369,65,146,7),(370,65,225,8),(371,65,28,10),(372,65,147,11),(373,65,148,13),(374,66,101,1),(375,66,55,2),(376,66,66,3),(377,66,4,5),(378,66,150,6),(379,66,6,7),(380,66,93,10),(381,66,147,11),(382,66,148,13),(383,67,135,1),(384,67,100,2),(385,67,17,5),(386,67,39,6),(387,67,53,7),(388,67,151,8),(389,67,8,10),(390,67,152,11),(391,67,153,13),(392,68,57,1),(393,68,122,2),(394,68,40,3),(395,68,38,5),(396,68,51,5),(397,68,124,6),(398,68,207,6),(399,68,123,6),(400,68,18,6),(401,68,6,7),(402,68,7,8),(403,68,157,10),(404,68,10,11),(405,68,103,11),(406,68,154,11),(407,68,73,13),(408,69,84,1),(409,69,91,2),(410,69,17,5),(411,69,156,6),(412,69,6,7),(413,69,7,8),(414,69,28,10),(415,69,103,11),(416,69,155,13),(417,70,83,1),(418,70,213,6),(419,70,67,6),(420,70,94,6),(421,70,272,6),(422,70,121,11),(423,70,143,11),(424,70,56,11),(425,70,41,11),(426,70,314,11),(427,70,318,11),(428,70,46,11),(429,70,333,13),(430,71,216,6),(431,71,213,6),(432,71,67,6),(433,71,94,6),(434,71,272,6),(435,71,121,11),(436,71,143,11),(437,71,142,11),(438,71,20,11),(439,71,56,11),(440,71,41,11),(441,71,95,11),(442,71,89,11),(443,71,96,11),(444,71,88,11),(445,71,333,13),(446,72,90,1),(447,72,26,6),(448,72,334,10),(449,72,272,11),(450,72,289,11),(451,72,95,13);
/*!40000 ALTER TABLE `misacanciones` ENABLE KEYS */;
UNLOCK TABLES;

--
-- Table structure for table `misas`
--

DROP TABLE IF EXISTS `misas`;
/*!40101 SET @saved_cs_client     = @@character_set_client */;
/*!40101 SET character_set_client = utf8 */;
CREATE TABLE `misas` (
  `idmisa` int(11) NOT NULL AUTO_INCREMENT,
  `descripcion` varchar(255) NOT NULL,
  `url` varchar(255) DEFAULT NULL,
  `fecha` date DEFAULT NULL,
  PRIMARY KEY (`idmisa`)
) ENGINE=InnoDB AUTO_INCREMENT=73 DEFAULT CHARSET=latin1 AVG_ROW_LENGTH=5461;
/*!40101 SET character_set_client = @saved_cs_client */;

--
-- Dumping data for table `misas`
--

LOCK TABLES `misas` WRITE;
/*!40000 ALTER TABLE `misas` DISABLE KEYS */;
INSERT INTO `misas` VALUES (25,'Domingo 2do despues Navidad','domingo_2do_despues_navidad.php','2020-01-05'),(26,'Misa el Bautizo del Senor','misa_el_bautizo_del_senor.php','2020-01-12'),(27,'Misa aniversario San Vicente Palloti','misa_aniversario_san_vicente_palloti.php','2020-01-22'),(28,'Misa tiempo ordinario 2','misa_tiempo_ordinario_2.php','2020-01-19'),(29,'Misa la luz del mundo','misa_la_luz_del_mundo.php','2020-01-26'),(30,'Misa Presentaci?n del Senor','misa_presentaci?n_del_senor.php','2020-02-02'),(31,'Misa sal y luz de la tierra','misa_sal_y_luz_de_la_tierra.php','2020-02-09'),(32,'Misa no oponerse al amor verdadero','misa_no_oponerse_al_amor_verdadero.php','2020-02-16'),(33,'Misa Amar a los enemigos','misa_amar_a_los_enemigos.php','2020-02-23'),(34,'Misa 1er domingo de cuaresma','misa_1er_domingo_de_cuaresma.php','2020-03-01'),(40,'Liturgia Sra Esperanza','liturgia_sra_esperanza.php','2020-03-06'),(41,'Liturgia 2do domingo de cuaresma','liturgia_2do_domingo_de_cuaresma.php','2020-03-08'),(42,'Misa jueves','misa_jueves.php','2020-03-12'),(46,'Misa 3er domingo de cuaresma','misa_3er_domingo_de_cuaresma.php','2020-03-15'),(47,'Misa difuntos','misa_difuntos.php','2019-08-27'),(48,'Misa bautizo','misa_bautizo.php','2019-08-28'),(49,'Misa Santa Rosa','misa_santa_rosa.php','2019-08-30'),(50,'Misa XXII Domingo del Tiempo Ordinario','misa_xxii_domingo_del_tiempo_ordinario.php','2019-09-01'),(51,'Misa XXIII Domingo del Tiempo Ordinario','misa_xxiii_domingo_del_tiempo_ordinario.php','2019-09-08'),(52,'Misa XXIV Domingo del Tiempo Ordinario','misa_xxiv_domingo_del_tiempo_ordinario.php','2019-09-15'),(53,'Misa juvenil 2019','misa_juvenil_2019.php','2019-09-21'),(54,'Misa XXV Domingo del Tiempo Ordinario','misa_xxv_domingo_del_tiempo_ordinario.php','2019-09-22'),(55,'Misa XXVI Domingo del Tiempo Ordinario','misa_xxvi_domingo_del_tiempo_ordinario.php','2019-09-29'),(56,'Misa XXVII Domingo del Tiempo Ordinario','misa_xxvii_domingo_del_tiempo_ordinario.php','2019-10-06'),(57,'Misa cumpleaños del Padre Manuel','misa_cumpleaños_del_padre_manuel.php','2019-10-09'),(58,'Misa XXVIII Domingo del Tiempo Ordinario','misa_xxviii_domingo_del_tiempo_ordinario.php','2019-10-13'),(59,'Misa San Ignacio de Antioquia','misa_san_ignacio_de_antioquia.php','2019-10-17'),(60,'Misa XXIX Domingo del tiempo Ordinario','misa_xxix_domingo_del_tiempo_ordinario.php','2019-10-20'),(61,'Misa XXX Domingo del tiempo Ordinario','misa_xxx_domingo_del_tiempo_ordinario.php','2019-10-27'),(62,'Misa XXXI Domingo del tiempo Ordinario','misa_xxxi_domingo_del_tiempo_ordinario.php','2019-11-03'),(63,'Misa XXXII Domingo tiempo Ordinario','misa_xxxii_domingo_tiempo_ordinario.php','2019-11-10'),(64,'Misa 1er domingo Adviento','misa_1er_domingo_adviento.php','2019-12-01'),(65,'Misa 2do domingo Adviento','misa_2do_domingo_adviento.php','2019-12-08'),(66,'Misa Nuestra Senora Guadalupe','misa_nuestra_senora_guadalupe.php','2019-12-14'),(67,'Misa 3er domingo Adviento','misa_3er_domingo_adviento.php','2019-12-15'),(68,'Misa confirmacion','misa_confirmacion.php','2019-12-21'),(69,'Misa 4to domingo Adviento','misa_4to_domingo_adviento.php','2019-12-22'),(70,' Cantos nuevos 2020','_cantos_nuevos_2020.php','2020-01-01'),(71,'Cantos nuevos','cantos_nuevos.php','2019-01-01'),(72,'Misa 6to domingo de Pascua','misa_6to_domingo_de_pascua.php','2020-05-17');
/*!40000 ALTER TABLE `misas` ENABLE KEYS */;
UNLOCK TABLES;
/*!40103 SET TIME_ZONE=@OLD_TIME_ZONE */;

/*!40101 SET SQL_MODE=@OLD_SQL_MODE */;
/*!40014 SET FOREIGN_KEY_CHECKS=@OLD_FOREIGN_KEY_CHECKS */;
/*!40014 SET UNIQUE_CHECKS=@OLD_UNIQUE_CHECKS */;
/*!40101 SET CHARACTER_SET_CLIENT=@OLD_CHARACTER_SET_CLIENT */;
/*!40101 SET CHARACTER_SET_RESULTS=@OLD_CHARACTER_SET_RESULTS */;
/*!40101 SET COLLATION_CONNECTION=@OLD_COLLATION_CONNECTION */;
/*!40111 SET SQL_NOTES=@OLD_SQL_NOTES */;

-- Dump completed on 2020-06-06 14:34:39
